,0,1,2
0,0,<,13595
1,1,r,1256067
2,2,e,2220740
3,3,p,611384
4,4,o,1132523
5,5,n,1108123
6,6,a,1270170
7,7,m,537563
8,8,>,26345
9,9,M,45913
10,10,T,108595
11,11,E,91925
12,12,S,87983
13,13,-,143324
14,14,C,69960
15,15,/,57363
16,16,s,1326739
17,17,t,1570580
18,18,"
",886900
19,19,f,529381
20,20, ,8031474
21,21,_,718450
22,22,w,137808
23,23,k,128035
24,24,g,343833
25,25,i,1175976
26,26,l,860496
27,27,z,39409
28,28,.,509218
29,29,d,684426
30,30,(,375415
31,31,A,77755
32,32,c,628166
33,33,2,84009
34,34,0,133160
35,35,1,123500
36,36,5,37874
37,37,8,28533
38,38,",",438961
39,39,u,524973
40,40,y,225761
41,41,b,224088
42,42,v,165676
43,43,U,27730
44,44,O,52665
45,45,R,65560
46,46,V,20569
47,47,Z,3941
48,48,B,30330
49,49,),375549
50,50,=,326877
51,51,"""",334256
52,52,:,253014
53,53,N,79164
54,54,{,36385
55,55,},36371
56,56,[,110257
57,57,3,49749
58,58,],110065
59,59,G,28474
60,60,F,48913
61,61,h,339900
62,62,j,42049
63,63,J,3778
64,64,#,125193
65,65,q,51077
66,66,x,146317
67,67,L,51693
68,68,D,57074
69,69,I,71951
70,70,P,55903
71,71,H,20814
72,72,Y,11394
73,73,K,10014
74,74,`,18837
75,75,',327407
76,76,+,26504
77,77,@,9425
78,78,!,5675
79,79,\,16752
80,80,$,1996
81,81,W,15725
82,82,*,40551
83,83,%,18751
84,84,^,1188
85,85,&,2028
86,86,Q,9166
87,87,7,23914
88,88,9,24449
89,89,	,45075
90,90,4,38458
91,91,6,31813
92,92,?,2877
93,93,©,15
94,94,X,9883
95,95,|,3120
96,96,数,485
97,97,据,240
98,98,预,12
99,99,处,15
100,100,理,69
101,101,输,55
102,102,入,110
103,103,为,164
104,104,格,49
105,105,式,54
106,106,首,4
107,107,先,12
108,108,获,92
109,109,取,186
110,110,即,3
111,111,存,110
112,112,在,91
113,113,的,606
114,114,具,4
115,115,体,69
116,116,类,89
117,117,第,33
118,118,一,162
119,119,条,19
120,120,是,161
121,121,标,63
122,122,签,46
123,123,，,586
124,124,不,108
125,125,选,35
126,126,择,10
127,127,转,20
128,128,字,116
129,129,典,13
130,130,等,36
131,131,如,61
132,132,果,46
133,133,则,42
134,134,换,21
135,135,了,35
136,136,验,16
137,137,证,15
138,138,集,30
139,139,合,45
140,140,时,200
141,141,候,7
142,142,用,229
143,143,读,30
144,144,比,27
145,145,例,101
146,146,生,59
147,147,效,46
148,148,使,47
149,149,得,42
150,150,语,23
151,151,料,26
152,152,足,3
153,153,够,1
154,154,训,17
155,155,练,17
156,156,对,88
157,157,每,46
158,158,操,32
159,159,作,48
160,160,和,50
161,161,问,48
162,162,句,14
163,163,跳,6
164,164,出,106
165,165,循,6
166,166,环,13
167,167,;,4239
168,168,自,35
169,169,动,50
170,170,安,14
171,171,装,7
172,172,依,3
173,173,赖,3
174,174,~,2659
175,175,道,9
176,176,题,45
177,177,请,149
178,178,次,87
179,179,二,22
180,180,返,152
181,181,回,152
182,182,去,18
183,183,列,89
184,184,表,135
185,185,值,141
186,186,’,70
187,187,—,4
188,188,任,62
189,189,务,94
190,190,待,22
191,191,执,42
192,192,行,128
193,193,开,76
194,194,始,81
195,195,成,153
196,196,功,60
197,197,重,45
198,198,试,28
199,199,失,40
200,200,败,17
201,201,撤,1
202,202,销,3
203,203,á,812
204,204,ç,1141
205,205,ã,1150
206,206,é,370
207,207,ê,267
208,208,õ,308
209,209,ó,358
210,210,í,642
211,211,,41227
212,212,百,4
213,213,度,62
214,214,通,40
215,215,翻,10
216,216,译,6
217,217,包,67
218,218,含,29
219,219,词,9
220,220,、,135
221,221,音,12
222,222,资,6
223,223,源,15
224,224,有,143
225,225,相,36
226,226,关,37
227,227,需,66
228,228,求,135
229,229,联,22
230,230,系,42
231,231,你,22
232,232,想,7
233,233,子,17
234,234,！,31
235,235,原,15
236,236,文,81
237,237,种,11
238,238,错,21
239,239,误,16
240,240,因,14
241,241,：,200
242,242,结,93
243,243,能,72
244,244,空,69
245,245,哦,1
246,246,ė,15
247,247,š,9
248,248,č,3
249,249,ž,3
250,250,ų,1
251,251,ū,1
252,252,Š,7
253,253,ش,10
254,254,ا,103
255,255,خ,6
256,256,ص,9
257,257,ك,24
258,258,ل,73
259,259,位,88
260,260,置,91
261,261,情,22
262,262,報,3
263,263,関,3
264,264,正,41
265,265,規,1
266,266,化,57
267,267,前,62
268,268,‘,35
269,269,ä,89
270,270,ö,49
271,271,투,2
272,272,수,17
273,273,팀,2
274,274,연,12
275,275,도,12
276,276,改,15
277,277,添,28
278,278,加,82
279,279,嘉,1
280,280,宾,1
281,281,下,58
282,282,午,7
283,283,⚙,3
284,284,率,30
285,285,默,56
286,286,认,59
287,287,倒,4
288,288,层,11
289,289,向,48
290,290,量,82
291,291,序,52
292,292,最,69
293,293,大,79
294,294,程,66
295,295,蓝,6
296,296,鲸,5
297,297,基,24
298,298,础,9
299,299,平,21
300,300,台,9
301,301,迹,1
302,302,中,109
303,303,创,32
304,304,建,54
305,305,信,89
306,306,息,76
307,307,型,91
308,308,从,24
309,309,到,132
310,310,机,41
311,311,器,22
312,312,人,66
313,313,象,53
314,314,于,90
315,315,登,26
316,316,陆,11
317,317,微,7
318,318,账,10
319,319,号,58
320,320,涵,1
321,321,盖,2
322,322,部,25
323,323,分,137
324,324,保,41
325,325,或,32
326,326,载,16
327,327,状,38
328,328,态,36
329,329,件,171
330,330,路,20
331,331,径,19
332,332,尝,4
333,333,。,538
334,334,填,3
335,335,写,31
336,336,本,65
337,337,参,108
338,338,后,46
339,339,可,91
340,340,短,3
341,341,间,157
342,342,内,74
343,343,新,91
344,344,避,2
345,345,免,2
346,346,复,10
347,347,扫,7
348,348,码,33
349,349,会,45
350,350,要,95
351,351,终,6
352,352,端,6
353,353,显,5
354,354,示,68
355,355,维,27
356,356,模,49
357,357,块,5
358,358,调,27
359,359,接,71
360,360,收,25
361,361,同,17
362,362,上,69
363,363,传,27
364,364,助,10
365,365,手,17
366,366,当,39
367,367,若,6
368,368,否,46
369,369,聊,18
370,370,天,40
371,371,户,70
372,372,排,27
373,373,除,39
374,374,身,5
375,375,所,60
376,376,更,34
377,377,好,18
378,378,友,10
379,379,群,26
380,380,限,29
381,381,公,3
382,382,众,1
383,383,单,84
384,384,个,122
385,385,批,5
386,386,多,33
387,387,详,18
388,388,细,6
389,389,地,37
390,390,区,4
391,391,性,38
392,392,别,35
393,393,名,94
394,394,但,10
395,395,员,14
396,396,配,59
397,397,目,51
398,398,进,38
399,399,搜,5
400,400,索,17
401,401,称,30
402,402,以,48
403,403,昵,1
404,404,备,18
405,405,注,48
406,406,属,12
407,407,键,9
408,408,省,1
409,409,份,3
410,410,城,2
411,411,市,1
412,412,指,55
413,413,定,118
414,414,广,3
415,415,东,2
416,416,匹,6
417,417,说,5
418,418,明,16
419,419,受,3
420,420,口,20
421,421,并,22
422,422,直,14
423,423,消,21
424,424,饰,3
425,425,册,7
426,426,形,12
427,427,外,17
428,428,己,15
429,429,发,42
430,430,送,44
431,431,异,21
432,432,步,10
433,433,函,27
434,434,提,54
435,435,高,23
436,436,响,6
437,437,应,24
438,438,速,4
439,439,启,35
440,440,事,22
441,441,闭,6
442,442,监,12
443,443,听,1
444,444,堵,1
445,445,塞,1
446,446,线,82
447,447,将,44
448,448,运,6
449,449,之,22
450,450,意,40
451,451,（,56
452,452,）,57
453,453,反,16
454,454,˜,1
455,455,ü,62
456,456,Ü,8
457,457,を,90
458,458,イ,27
459,459,ン,75
460,460,ポ,10
461,461,ー,89
462,462,ト,30
463,463,エ,9
464,464,ラ,28
465,465,の,153
466,466,た,50
467,467,め,20
468,468,に,97
469,469,プ,13
470,470,レ,17
471,471,フ,15
472,472,ィ,5
473,473,ッ,30
474,474,ク,34
475,475,ス,40
476,476,読,8
477,477,み,30
478,478,込,13
479,479,む,2
480,480,コ,12
481,481,グ,13
482,482,納,3
483,483,し,58
484,484,て,50
485,485,お,6
486,486,く,18
487,487,義,1
488,488,サ,10
489,489,ブ,3
490,490,で,42
491,491,あ,21
492,492,る,103
493,493,継,2
494,494,承,1
495,495,タ,22
496,496,パ,3
497,497,値,11
498,498,渡,1
499,499,実,10
500,500,さ,26
501,501,れ,38
502,502,い,69
503,503,か,29
504,504,ら,20
505,505,が,48
506,506,発,3
507,507,場,10
508,508,は,44
509,509,容,34
510,510,準,3
511,511,備,1
512,512,完,20
513,513,時,15
514,514,呼,1
515,515,び,4
516,516,ベ,4
517,517,ボ,4
518,518,バ,11
519,519,ジ,21
520,520,ョ,7
521,521,常,42
522,522,起,11
523,523,動,11
524,524,異,7
525,525,マ,7
526,526,ド,22
527,527,そ,11
528,528,他,9
529,529,覧,3
530,530,と,48
531,531,簡,1
532,532,単,1
533,533,な,44
534,534,説,4
535,535,各,11
536,536,カ,10
537,537,テ,16
538,538,ゴ,9
539,539,リ,20
540,540,及,19
541,541,処,6
542,542,初,40
543,543,う,11
544,544,も,15
545,545,続,4
546,546,す,66
547,547,オ,5
548,548,ェ,10
549,549,ロ,15
550,550,メ,12
551,551,セ,9
552,552,監,1
553,553,視,4
554,554,「,10
555,555,」,10
556,556,頭,5
557,557,つ,4
558,558,ウ,1
559,559,ム,10
560,560,抜,1
561,561,質,14
562,562,問,11
563,563,せ,8
564,564,チ,30
565,565,ャ,21
566,566,ネ,21
567,567,ル,52
568,568,者,29
569,569,告,16
570,570,匿,8
571,571,へ,4
572,572,き,33
573,573,ま,17
574,574,ん,8
575,575,．,2
576,576,試,8
577,577,だ,17
578,578,【,3
579,579,】,3
580,580,＝,1
581,581,無,9
582,582,対,11
583,583,全,28
584,584,探,1
585,585,け,12
586,586,補,5
587,587,小,58
588,588,ほ,1
589,589,よ,9
590,590,り,13
591,591,近,8
592,592,交,31
593,593,換,6
594,594,期,42
595,595,必,8
596,596,ず,7
597,597,替,3
598,598,わ,6
599,599,繰,1
600,600,ば,5
601,601,後,3
602,602,代,38
603,603,終,3
604,604,Т,15
605,605,е,429
606,606,с,243
607,607,т,398
608,608,Ф,6
609,609,о,578
610,610,р,292
611,611,м,197
612,612,и,297
613,613,у,141
614,614,я,79
615,615,д,168
616,616,н,320
617,617,а,365
618,618,з,73
619,619,к,189
620,620,в,231
621,621,П,17
622,622,ы,107
623,623,б,86
624,624,й,39
625,625,ц,20
626,626,В,5
627,627,х,52
628,628,л,181
629,629,О,6
630,630,К,17
631,631,У,6
632,632,п,113
633,633,ф,10
634,634,З,4
635,635,А,9
636,636,С,16
637,637,Е,3
638,638,Ы,2
639,639,И,3
640,640,ё,4
641,641,ч,62
642,642,г,42
643,643,ь,112
644,644,报,12
645,645,心,8
646,646,过,20
647,647,暂,6
648,648,未,28
649,649,没,19
650,650,考,7
651,651,虑,3
652,652,宽,10
653,653,缩,4
654,654,放,15
655,655,来,28
656,656,倍,5
657,657,给,10
658,658,仅,6
659,659,符,34
660,660,串,26
661,661,判,24
662,662,断,31
663,663,法,36
664,664,括,42
665,665,须,4
666,666,确,13
667,667,顺,2
668,668,都,41
669,669,布,2
670,670,尔,3
671,671,클,1
672,672,래,2
673,673,스,12
674,674,당,1
675,675,로,30
676,676,변,3
677,677,환,4
678,678,데,5
679,679,이,49
680,680,터,7
681,681,셋,2
682,682,끝,2
683,683,에,16
684,684,달,1
685,685,했,1
686,686,을,20
687,687,때,7
688,688,다,38
689,689,시,18
690,690,처,1
691,691,음,16
692,692,부,12
693,693,행,2
694,694,하,18
695,695,게,2
696,696,는,27
697,697,함,6
698,698,대,11
699,699,해,8
700,700,기,16
701,701,능,2
702,702,괄,1
703,703,호,4
704,704,안,2
705,705,값,4
706,706,전,5
707,707,체,2
708,708,보,10
709,709,크,6
710,710,면,3
711,711,한,12
712,712,概,12
713,713,ア,6
714,714,シ,8
715,715,画,9
716,716,面,31
717,717,ガ,1
718,718,こ,15
719,719,拾,1
720,720,管,25
721,721,ソ,1
722,722,デ,20
723,723,削,3
724,724,力,22
725,725,ワ,1
726,726,暗,2
727,727,詳,1
728,728,細,3
729,729,引,16
730,730,戻,4
731,731,絵,4
732,732,疎,1
733,733,確,6
734,734,認,7
735,735,解,28
736,736,決,4
737,737,仮,1
738,738,²,7
739,739,支,56
740,740,付,15
741,741,义,15
742,742,卷,5
743,743,积,6
744,744,制,13
745,745,拼,4
746,746,主,27
747,747,尺,1
748,748,║,55
749,749,╔,49
750,750,═,232
751,751,╗,46
752,752,╚,44
753,753,╝,43
754,754,←,4
755,755,→,15
756,756,↑,9
757,757,↓,6
758,758,̠,2
759,759,·,2
760,760,删,8
761,761,规,5
762,762,█,402
763,763,▌,1
764,764,年,6
765,765,月,8
766,766,日,81
767,767,纯,2
768,768,邮,37
769,769,带,4
770,770,附,10
771,771,爱,3
772,772,…,15
773,773,就,22
774,774,图,86
775,775,片,52
776,776,设,32
777,777,这,30
778,778,里,22
779,779,头,8
780,780,把,7
781,781,编,10
782,782,ş,16
783,783,ı,30
784,784,Ö,4
785,785,ğ,7
786,786,ß,7
787,787,–,20
788,788,»,2
789,789,«,2
790,790,决,1
791,791,测,30
792,792,兼,1
793,793,調,7
794,794,査,4
795,795,際,1
796,796,抽,9
797,797,役,2
798,798,職,2
799,799,ギ,5
800,800,員,5
801,801,っ,22
802,802,該,1
803,803,計,13
804,804,算,27
805,805,ユ,2
806,806,ザ,2
807,807,何,12
808,808,？,9
809,809,済,3
810,810,現,7
811,811,鯖,1
812,812,え,12
813,813,室,6
814,814,扱,3
815,815,方,42
816,816,検,4
817,817,討,1
818,818,差,7
819,819,変,11
820,820,業,1
821,821,识,15
822,822,析,15
823,823,政,2
824,824,治,2
825,825,物,27
826,826,星,3
827,827,网,17
828,828,红,2
829,829,脸,2
830,830,坐,6
831,831,像,25
832,832,然,13
833,833,非,10
834,834,丰,2
835,835,富,2
836,836,服,42
837,837,准,9
838,838,场,6
839,839,景,4
840,840,千,2
841,841,其,16
842,842,让,5
843,843,智,4
844,844,照,6
845,845,检,35
846,846,推,11
847,847,荐,3
848,848,观,2
849,849, ,106
850,850,è,70
851,851,€,21
852,852,🏆,1
853,853,ú,214
854,854,防,2
855,855,止,17
856,856,记,17
857,857,录,40
858,858,该,41
859,859,覆,1
860,860,针,7
861,861,赋,2
862,862,ᚠ,2
863,863,ᛇ,2
864,864,ᚻ,2
865,865,░,130
866,866,章,4
867,867,親,1
868,868,密,8
869,869,語,2
870,870,答,17
871,871,夏,1
872,872,漱,1
873,873,石,1
874,874,ね,3
875,875,や,4
876,876,難,1
877,877,聞,1
878,878,私,2
879,879,⚡,4
880,880,👇,2
881,881,📞,1
882,882,✉,1
883,883,â,70
884,884,根,18
885,885,修,5
886,886,西,1
887,887,神,1
888,888,经,13
889,889,络,4
890,890,双,5
891,891,特,15
892,892,征,10
893,893,连,30
894,894,此,39
895,895,利,33
896,896,逻,2
897,897,辑,4
898,898,归,5
899,899,喂,3
900,900,养,3
901,901,母,5
902,902,乳,3
903,903,感,6
904,904,染,3
905,905,男,2
906,906,女,2
907,907,计,43
908,908,ñ,21
909,909,›,1
910,910,构,61
911,911,姓,2
912,912,由,7
913,913,英,3
914,914,组,39
915,915,划,7
916,916,长,11
917,917,箱,4
918,918,址,22
919,919,持,58
920,920,产,37
921,921,品,52
922,922,固,6
923,923,唯,33
924,924,供,31
925,925,描,11
926,926,述,4
927,927,绑,3
928,928,实,91
929,929,“,50
930,930,”,45
931,931,束,18
932,932,云,56
933,933,库,114
934,934,查,59
935,935,询,44
936,936,段,49
937,937,健,27
938,938,康,26
939,939,；,38
940,940,浏,3
941,941,览,6
942,942,戳,10
943,943,秒,40
944,944,级,26
945,945,巡,17
946,946,拟,4
947,947,命,9
948,948,且,6
949,949,只,22
950,950,范,7
951,951,围,7
952,952,周,3
953,953,至,9
954,954,订,16
955,955,阅,6
956,956,审,18
957,957,导,18
958,958,志,35
959,959,风,13
960,960,险,12
961,961,无,21
962,962,低,10
963,963,忽,2
964,964,略,10
965,965,已,39
966,966,糊,3
967,967,总,41
968,968,诊,16
969,969,历,6
970,970,史,2
971,971,项,21
972,972,释,3
973,973,严,10
974,974,按,22
975,975,影,6
976,976,致,8
977,977,警,5
978,978,议,8
979,979,留,4
980,980,与,8
981,981,隔,15
982,982,筛,13
983,983,触,4
984,984,亚,2
985,985,危,4
986,986,偏,11
987,987,移,16
988,988,截,7
989,989,磁,4
990,990,盘,13
991,991,增,14
992,992,剩,4
993,993,余,5
994,994,页,25
995,995,域,13
996,996,扣,14
997,997,遵,4
998,998,版,18
999,999,链,12
1000,1000,很,2
1001,1001,切,5
1002,1002,柱,1
1003,1003,慢,8
1004,1004,统,30
1005,1005,控,14
1006,1006,升,1
1007,1007,降,7
1008,1008,板,13
1009,1009,占,21
1010,1010,早,4
1011,1011,采,14
1012,1012,优,9
1013,1013,节,11
1014,1014,约,7
1015,1015,满,1
1016,1016,擎,3
1017,1017,核,5
1018,1018,硬,1
1019,1019,储,10
1020,1020,货,7
1021,1021,毁,1
1022,1022,离,9
1023,1023,欠,1
1024,1024,费,4
1025,1025,停,5
1026,1026,护,4
1027,1027,靠,4
1028,1028,话,6
1029,1029,阶,9
1030,1030,浮,2
1031,1031,点,37
1032,1032,言,4
1033,1033,碎,4
1034,1034,独,3
1035,1035,立,11
1036,1036,现,12
1037,1037,锁,6
1038,1038,耗,5
1039,1039,随,13
1040,1040,均,9
1041,1041,飓,2
1042,1042,暴,3
1043,1043,奖,5
1044,1044,奏,1
1045,1045,价,48
1046,1046,策,7
1047,1047,难,1
1048,1048,变,28
1049,1049,仓,9
1050,1050,超,10
1051,1051,做,7
1052,1052,损,6
1053,1053,退,9
1054,1054,队,3
1055,1055,𐄂,2
1056,1056,✓,1
1057,1057,×,2
1058,1058,评,22
1059,1059,思,5
1060,1060,篇,2
1061,1061,打,18
1062,1062,案,8
1063,1063,叉,4
1064,1064,熵,1
1065,1065,ต,2
1066,1066,ั,6
1067,1067,ด,6
1068,1068,ค,2
1069,1069,ำ,2
1070,1070,ไ,4
1071,1071,้,4
1072,1072,ี,2
1073,1073,ม,2
1074,1074,า,10
1075,1075,ก,11
1076,1076,ฉ,4
1077,1077,น,11
1078,1078,อ,9
1079,1079,ย,6
1080,1080,ิ,3
1081,1081,ข,3
1082,1082,ว,2
1083,1083,ง,5
1084,1084,่,4
1085,1085,ส,2
1086,1086,บ,2
1087,1087,权,26
1088,1088,深,1
1089,1089,圳,1
1090,1090,米,4
1091,1091,筐,4
1092,1092,科,5
1093,1093,技,5
1094,1094,司,1
1095,1095,守,5
1096,1096,许,8
1097,1097,软,14
1098,1098,商,25
1099,1099,业,9
1100,1100,途,4
1101,1101,校,5
1102,1102,研,2
1103,1103,究,2
1104,1104,营,2
1105,1105,教,3
1106,1106,育,1
1107,1107,您,6
1108,1108,副,1
1109,1109,律,1
1110,1110,书,2
1111,1111,达,7
1112,1112,协,2
1113,1113,样,24
1114,1114,织,2
1115,1115,授,2
1116,1116,三,5
1117,1117,售,1
1118,1118,租,1
1119,1119,借,2
1120,1120,衍,1
1121,1121,鉴,1
1122,1122,追,6
1123,1123,知,9
1124,1124,侵,1
1125,1125,责,2
1126,1126,冲,4
1127,1127,突,1
1128,1128,流,29
1129,1129,看,8
1130,1130,印,1
1131,1131,Р,6
1132,1132,ж,47
1133,1133,щ,14
1134,1134,э,9
1135,1135,ю,26
1136,1136,Э,1
1137,1137,Д,7
1138,1138,Н,7
1139,1139,訴,1
1140,1140,電,3
1141,1141,腦,3
1142,1142,關,9
1143,1143,掉,7
1144,1144,窗,8
1145,1145,﻿,2
1146,1146,官,3
1147,1147,档,4
1148,1148,書,10
1149,1149,🇺,2
1150,1150,🇸,2
1151,1151,🇬,2
1152,1152,🇧,2
1153,1153,キ,3
1154,1154,ュ,3
1155,1155,敗,20
1156,1156,再,15
1157,1157,べ,2
1158,1158,내,1
1159,1159,를,12
1160,1160,할,6
1161,1161,친,1
1162,1162,구,6
1163,1163,들,5
1164,1164,의,20
1165,1165,름,4
1166,1166,적,13
1167,1167,습,6
1168,1168,니,5
1169,1169,콤,1
1170,1170,마,8
1171,1171,분,15
1172,1172,리,5
1173,1173,서,17
1174,1174,오,5
1175,1175,늘,1
1176,1176,커,3
1177,1177,피,2
1178,1178,가,18
1179,1179,쏩,1
1180,1180,얻,2
1181,1181,어,16
1182,1182,낸,2
1183,1183,통,2
1184,1184,학,3
1185,1185,와,3
1186,1186,파,3
1187,1187,라,7
1188,1188,미,2
1189,1189,른,1
1190,1190,방,2
1191,1191,향,2
1192,1192,으,12
1193,1193,반,4
1194,1194,복,1
1195,1195,휩,1
1196,1196,쓸,1
1197,1197,려,3
1198,1198,듯,1
1199,1199,됨,2
1200,1200,매,1
1201,1201,우,7
1202,1202,큼,1
1203,1203,작,8
1204,1204,아,10
1205,1205,지,25
1206,1206,록,4
1207,1207,만,5
1208,1208,듦,4
1209,1209,我,21
1210,1210,血,6
1211,1211,敌,5
1212,1212,攻,4
1213,1213,击,7
1214,1214,减,4
1215,1215,少,10
1216,1216,赢,4
1217,1217,•,38
1218,1218,à,112
1219,1219,国,12
1220,1220,普,5
1221,1221,整,25
1222,1222,滤,5
1223,1223,钟,24
1224,1224,狗,1
1225,1225,闻,12
1226,1226,腾,1
1227,1227,讯,1
1228,1228,树,4
1229,1229,遍,4
1230,1230,播,5
1231,1231,抗,6
1232,1232,扰,2
1233,1233,累,5
1234,1234,梯,4
1235,1235,恢,2
1236,1236,ш,25
1237,1237,滑,4
1238,1238,边,8
1239,1239,弱,2
1240,1240,Õ,10
1241,1241,跑,2
1242,1242,迭,4
1243,1243,衰,1
1244,1244,估,1
1245,1245,两,8
1246,1246,而,2
1247,1247,跨,1
1248,1248,開,9
1249,1249,＋,1
1250,1250,１,1
1251,1251,順,3
1252,1252,辿,1
1253,1253,昇,1
1254,1254,並,3
1255,1255,奇,3
1256,1256,杂,1
1257,1257,况,2
1258,1258,🐾,1
1259,1259,°,25
1260,1260,扩,6
1261,1261,展,9
1262,1262,视,7
1263,1263,冰,1
1264,1264,河,1
1265,1265,博,6
1266,1266,客,8
1267,1267,Л,1
1268,1268,і,1
1269,1269,境,7
1270,1270,禁,1
1271,1271,ノ,3
1272,1272,設,18
1273,1273,γ,7
1274,1274,工,8
1275,1275,也,6
1276,1276,拿,4
1277,1277,⚠,3
1278,1278,共,9
1279,1279,久,1
1280,1280,拆,3
1281,1281,赞,3
1282,1282,末,4
1283,1283,尾,4
1284,1284,掘,3
1285,1285,金,7
1286,1286,压,2
1287,1287,欢,1
1288,1288,迎,1
1289,1289,家,8
1290,1290,✅,14
1291,1291,❎,2
1292,1292,黑,6
1293,1293,色,7
1294,1294,斯,1
1295,1295,彩,3
1296,1296,隨,8
1297,1297,機,9
1298,1298,飽,2
1299,1299,亮,3
1300,1300,水,7
1301,1301,轉,10
1302,1302,垂,3
1303,1303,旋,2
1304,1304,選,8
1305,1305,範,2
1306,1306,圍,2
1307,1307,白,2
1308,1308,處,1
1309,1309,縮,3
1310,1310,將,4
1311,1311,樸,1
1312,1312,擇,2
1313,1313,個,8
1314,1314,點,6
1315,1315,角,6
1316,1316,狀,4
1317,1317,문,5
1318,1318,자,9
1319,1319,열,3
1320,1320,입,8
1321,1321,력,9
1322,1322,주,6
1323,1323,세,4
1324,1324,요,5
1325,1325,받,2
1326,1326,은,8
1327,1327,길,1
1328,1328,Ç,6
1329,1329,Ğ,2
1330,1330,İ,16
1331,1331,Ş,5
1332,1332,课,11
1333,1333,纲,1
1334,1334,辞,1
1335,1335,ナ,6
1336,1336,ォ,3
1337,1337,ピ,1
1338,1338,弾,1
1339,1339,葉,1
1340,1340,狩,1
1341,1341,ダ,1
1342,1342,拡,1
1343,1343,張,2
1344,1344,ど,2
1345,1345,ち,3
1346,1346,ゃ,10
1347,1347,聖,3
1348,1348,ぎ,1
1349,1349,－,2
1350,1350,ミ,1
1351,1351,淫,3
1352,1352,夢,3
1353,1353,ご,6
1354,1354,恥,1
1355,1355,丈,2
1356,1356,夫,2
1357,1357,〜,2
1358,1358,冷,1
1359,1359,ぞ,1
1360,1360,逃,1
1361,1361,げ,1
1362,1362,望,7
1363,1363,・,3
1364,1364,声,8
1365,1365,ズ,2
1366,1366,论,6
1367,1367,清,17
1368,1368,爬,13
1369,1369,虫,12
1370,1370,堆,2
1371,1371,å,36
1372,1372,ø,34
1373,1373,æ,7
1374,1374,ニ,7
1375,1375,割,6
1376,1376,　,4
1377,1377,標,6
1378,1378,徴,1
1379,1379,ケ,2
1380,1380,モ,4
1381,1381,宣,1
1382,1382,応,3
1383,1383,傍,3
1384,1384,距,11
1385,1385,離,9
1386,1386,番,1
1387,1387,緒,1
1388,1388,ァ,8
1389,1389,じ,9
1390,1390,予,2
1391,1391,測,13
1392,1392,録,1
1393,1393,易,6
1394,1394,今,6
1395,1395,涨,10
1396,1396,跌,6
1397,1397,五,3
1398,1398,缓,9
1399,1399,尚,4
1400,1400,老,6
1401,1401,几,1
1402,1402,走,4
1403,1403,夜,1
1404,1404,昨,1
1405,1405,负,4
1406,1406,术,1
1407,1407,別,3
1408,1408,効,1
1409,1409,├,8
1410,1410,─,56
1411,1411,│,5
1412,1412,└,12
1413,1413,左,8
1414,1414,右,22
1415,1415,阈,4
1416,1416,卡,3
1417,1417,曼,2
1418,1418,波,4
1419,1419,假,5
1420,1420,四,5
1421,1421,插,6
1422,1422,元,15
1423,1423,¡,6
1424,1424,藏,1
1425,1425,们,8
1426,1426,荣,1
1427,1427,哪,1
1428,1428,些,2
1429,1429,涉,1
1430,1430,寄,9
1431,1431,態,5
1432,1432,欄,2
1433,1433,發,11
1434,1434,鄭,1
1435,1435,鈺,1
1436,1436,聯,1
1437,1437,絡,1
1438,1438,資,26
1439,1439,訊,9
1440,1440,題,1
1441,1441,社,1
1442,1442,郵,3
1443,1443,透,1
1444,1444,創,5
1445,1445,網,8
1446,1446,佈,3
1447,1447,局,4
1448,1448,為,7
1449,1449,側,9
1450,1450,佔,2
1451,1451,鈕,1
1452,1452,統,2
1453,1453,庫,16
1454,1454,樣,1
1455,1455,,1
1456,1456,觸,2
1457,1457,載,2
1458,1458,詢,5
1459,1459,暫,1
1460,1460,瀏,4
1461,1461,覽,4
1462,1462,執,2
1463,1463,儲,9
1464,1464,風,1
1465,1465,險,1
1466,1466,讀,6
1467,1467,輸,3
1468,1468,類,2
1469,1469,組,10
1470,1470,邊,3
1471,1471,帳,7
1472,1472,號,6
1473,1473,碼,2
1474,1474,內,3
1475,1475,稱,7
1476,1476,旨,2
1477,1477,連,9
1478,1478,結,4
1479,1479,檔,9
1480,1480,請,8
1481,1481,另,2
1482,1482,缺,1
1483,1483,被,4
1484,1484,找,16
1485,1485,達,1
1486,1486,矩,10
1487,1487,阵,9
1488,1488,递,10
1489,1489,栈,2
1490,1490,刷,3
1491,1491,ŋ,43
1492,1492,ï,8
1493,1493,ĉ,7
1494,1494,đ,32
1495,1495,ē,7
1496,1496,访,5
1497,1497,活,1
1498,1498,拍,3
1499,1499,势,2
1500,1500,夹,3
1501,1501,张,4
1502,1502,才,1
1503,1503,┘,1
1504,1504,μ,10
1505,1505,σ,3
1506,1506,Å,5
1507,1507,延,3
1508,1508,🛠,4
1509,1509,股,3
1510,1510,票,5
1511,1511,幅,6
1512,1512,净,55
1513,1513,额,18
1514,1514,瞬,1
1515,1515,🤑,1
1516,1516,😵,2
1517,1517,驱,1
1518,1518,📨,1
1519,1519,😰,1
1520,1520,😁,1
1521,1521,😢,1
1522,1522,🤮,1
1523,1523,🈲,1
1524,1524,😋,1
1525,1525,≠,1
1526,1526,⟢,1
1527,1527,池,4
1528,1528,√,2
1529,1529,ă,198
1530,1530,ô,97
1531,1531,ơ,42
1532,1532,ư,123
1533,1533,ắ,28
1534,1534,ấ,36
1535,1535,ế,63
1536,1536,ố,41
1537,1537,ớ,39
1538,1538,ứ,25
1539,1539,ý,27
1540,1540,ằ,22
1541,1541,ầ,31
1542,1542,ề,49
1543,1543,ì,38
1544,1544,ò,46
1545,1545,ồ,34
1546,1546,ờ,42
1547,1547,ù,41
1548,1548,ừ,31
1549,1549,ỳ,25
1550,1550,ả,69
1551,1551,ẳ,22
1552,1552,ẩ,30
1553,1553,ẻ,51
1554,1554,ể,49
1555,1555,ỉ,24
1556,1556,ỏ,44
1557,1557,ổ,34
1558,1558,ở,51
1559,1559,ủ,40
1560,1560,ử,26
1561,1561,ỷ,25
1562,1562,ẵ,22
1563,1563,ẫ,31
1564,1564,ẽ,50
1565,1565,ễ,47
1566,1566,ĩ,27
1567,1567,ỗ,34
1568,1568,ỡ,39
1569,1569,ũ,38
1570,1570,ữ,31
1571,1571,ỹ,25
1572,1572,ạ,70
1573,1573,ặ,22
1574,1574,ậ,30
1575,1575,ẹ,50
1576,1576,ệ,48
1577,1577,ị,31
1578,1578,ọ,47
1579,1579,ộ,38
1580,1580,ợ,45
1581,1581,ụ,35
1582,1582,ự,28
1583,1583,ỵ,25
1584,1584,ʰ,11
1585,1585,ɣ,17
1586,1586,ɲ,19
1587,1587,ʈ,9
1588,1588,ʐ,9
1589,1589,ʂ,9
1590,1590,ɤ,215
1591,1591,̆,133
1592,1592,ɛ,141
1593,1593,ɔ,112
1594,1594,ɯ,191
1595,1595,ə,417
1596,1596,ʷ,155
1597,1597,ʃ,11
1598,1598,ʔ,1
1599,1599,͡,10
1600,1600,ʊ,16
1601,1601,ɪ,20
1602,1602,ɑ,4
1603,1603,ɜ,4
1604,1604,∫,8
1605,1605,ʒ,8
1606,1606,θ,4
1607,1607,ʌ,4
1608,1608,ð,4
1609,1609,ʧ,4
1610,1610,ʤ,4
1611,1611,ɒ,4
1612,1612,η,4
1613,1613,ˈ,1
1614,1614,ˌ,1
1615,1615,Đ,6
1616,1616,Ở,1
1617,1617,买,14
1618,1618,卖,14
1619,1619,☁,2
1620,1620,⌚,2
1621,1621,❌,17
1622,1622,🚀,2
1623,1623,🏃,1
1624,1624,✨,1
1625,1625,📚,1
1626,1626,📁,2
1627,1627,🔄,3
1628,1628,📦,1
1629,1629,🔎,1
1630,1630,❔,1
1631,1631,🔥,2
1632,1632,❓,2
1633,1633,🤷,2
1634,1634,🎆,1
1635,1635,사,3
1636,1636,용,6
1637,1637,개,8
1638,1638,념,1
1639,1639,ª,1
1640,1640,她,1
1641,1641,🎃,1
1642,1642,界,4
1643,1643,委,1
1644,1644,托,1
1645,1645,菜,2
1646,1646,帮,8
1647,1647,栏,4
1648,1648,註,5
1649,1649,冊,4
1650,1650,訂,5
1651,1651,閱,5
1652,1652,項,5
1653,1653,令,5
1654,1654,價,2
1655,1655,於,3
1656,1656,刪,7
1657,1657,錯,1
1658,1658,誤,2
1659,1659,會,1
1660,1660,給,1
1661,1661,謝,3
1662,1662,啟,7
1663,1663,務,1
1664,1664,線,4
1665,1665,閉,5
1666,1666,∈,1
1667,1667,强,2
1668,1668,十,3
1669,1669,气,2
1670,1670,温,3
1671,1671,刻,3
1672,1672,℃,1
1673,1673,快,2
1674,1674,怎,1
1675,1675,还,4
1676,1676,办,2
1677,1677,哈,1
1678,1678,希,1
1679,1679,萝,1
1680,1680,卜,1
1681,1681,坑,3
1682,1682,投,2
1683,1683,邀,3
1684,1684,婉,1
1685,1685,拒,2
1686,1686,‰,2
1687,1687,¨,2
1688,1688,框,17
1689,1689,擴,1
1690,1690,進,2
1691,1691,裁,2
1692,1692,剪,4
1693,1693,圖,4
1694,1694,貼,2
1695,1695,產,1
1696,1696,灰,4
1697,1697,與,1
1698,1698,減,1
1699,1699,變,1
1700,1700,過,2
1701,1701,ᵀ,1
1702,1702,β,1
1703,1703,α,1
1704,1704,−,3
1705,1705,槽,1
1706,1706,钮,4
1707,1707,笔,1
1708,1708,频,22
1709,1709,赏,1
1710,1710,族,7
1711,1711,绘,1
1712,1712,乱,2
1713,1713,寻,1
1714,1714,▉,1
1715,1715,桜,1
1716,1716,ゲ,5
1717,1717,≤,1
1718,1718,抓,2
1719,1719,妹,1
1720,1720,Ó,2
1721,1721,Ã,3
1722,1722,Á,9
1723,1723,É,17
1724,1724,Ú,8
1725,1725,Í,1
1726,1726,º,6
1727,1727,ᵉ,2
1728,1728,ʳ,2
1729,1729,나,4
1730,1730,간,5
1731,1731,준,2
1732,1732,정,16
1733,1733,렬,3
1734,1734,과,6
1735,1735,종,2
1736,1736,료,2
1737,1737,같,2
1738,1738,경,10
1739,1739,포,1
1740,1740,위,4
1741,1741,선,5
1742,1742,차,5
1743,1743,순,1
1744,1744,줘,7
1745,1745,야,8
1746,1746,된,1
1747,1747,회,6
1748,1748,막,4
1749,1749,답,1
1750,1750,비,1
1751,1751,교,2
1752,1752,际,1
1753,1753,》,4
1754,1754,既,5
1755,1755,病,7
1756,1756,灶,6
1757,1757,充,1
1758,1758,膨,1
1759,1759,胀,1
1760,1760,著,1
1761,1761,尽,1
1762,1762,伪,1
1763,1763,Ｒ,1
1764,1764,Ｏ,1
1765,1765,Ｉ,1
1766,1766,ｍ,1
1767,1767,ａ,1
1768,1768,ｓ,1
1769,1769,ｋ,1
1770,1770,ｘ,1
1771,1771,ｙ,1
1772,1772,ｚ,1
1773,1773,架,1
1774,1774,套,16
1775,1775,ব,1
1776,1776,া,1
1777,1777,ং,1
1778,1778,ল,1
1779,1779,দ,1
1780,1780,ে,1
1781,1781,শ,1
1782,1782,য,1
1783,1783,়,1
1784,1784,ি,1
1785,1785,ত,1
1786,1786,্,1
1787,1787,ন,1
1788,1788,এ,1
1789,1789,ধ,1
1790,1790,র,1
1791,1791,ণ,1
1792,1792,ক,1
1793,1793,ড,1
1794,1794,হ,1
1795,1795,উ,1
1796,1796,প,1
1797,1797,জ,1
1798,1798,অ,1
1799,1799,থ,1
1800,1800,স,1
1801,1801,ষ,1
1802,1802,ই,1
1803,1803,আ,1
1804,1804,ছ,1
1805,1805,গ,1
1806,1806,ু,1
1807,1807,ো,1
1808,1808,ও,1
1809,1809,ভ,1
1810,1810,ী,1
1811,1811,ট,1
1812,1812,ূ,1
1813,1813,ম,1
1814,1814,ৈ,1
1815,1815,ৃ,1
1816,1816,ঙ,1
1817,1817,খ,1
1818,1818,ঃ,1
1819,1819,১,1
1820,1820,৯,1
1821,1821,৬,1
1822,1822,০,1
1823,1823,২,1
1824,1824,চ,1
1825,1825,ঘ,1
1826,1826,ৎ,1
1827,1827,৫,1
1828,1828,৪,1
1829,1829,ফ,1
1830,1830,ৌ,1
1831,1831,৮,1
1832,1832,ঁ,1
1833,1833,য়,1
1834,1834,৩,1
1835,1835,ঢ,1
1836,1836,ঠ,1
1837,1837,৭,1
1838,1838,ড়,1
1839,1839,ঝ,1
1840,1840,ঞ,1
1841,1841,ঔ,1
1842,1842,ঈ,1
1843,1843,ঐ,1
1844,1844,ঋ,1
1845,1845,ঊ,1
1846,1846,ৗ,1
1847,1847,œ,1
1848,1848,ঢ়,1
1849,1849,ৰ,1
1850,1850,議,2
1851,1851,構,6
1852,1852,소,4
1853,1853,설,4
1854,1854,멤,1
1855,1855,버,6
1856,1856,필,1
1857,1857,杀,1
1858,1858,土,1
1859,1859,海,3
1860,1860,拔,1
1861,1861,塘,3
1862,1862,벨,1
1863,1863,글,1
1864,1864,빈,2
1865,1865,캔,2
1866,1866,생,2
1867,1867,성,5
1868,1868,배,1
1869,1869,색,3
1870,1870,얀,1
1871,1871,프,2
1872,1872,레,3
1873,1873,임,1
1874,1874,트,11
1875,1875,출,4
1876,1876,점,1
1877,1877,계,1
1878,1878,그,5
1879,1879,린,1
1880,1880,퍼,1
1881,1881,센,1
1882,1882,티,1
1883,1883,총,2
1884,1884,합,12
1885,1885,백,6
1886,1886,율,5
1887,1887,초,1
1888,1888,각,2
1889,1889,원,7
1890,1890,중,4
1891,1891,앙,2
1892,1892,좌,2
1893,1893,표,5
1894,1894,누,7
1895,1895,텍,1
1896,1896,맞,1
1897,1897,추,1
1898,1898,빼,1
1899,1899,범,1
1900,1900,례,1
1901,1901,航,4
1902,1902,班,4
1903,1903,飞,3
1904,1904,舱,6
1905,1905,济,2
1906,1906,款,2
1907,1907,宝,2
1908,1908,互,1
1909,1909,便,4
1910,1910,适,1
1911,1911,素,4
1912,1912,着,2
1913,1913,க,1
1914,1914,ல,1
1915,1915,ை,1
1916,1916,ஞ,1
1917,1917,ர,1
1918,1918,்,1
1919,1919,似,2
1920,1920,乎,1
1921,1921,太,3
1922,1922,猛,1
1923,1923,예,5
1924,1924,⟳,2
1925,1925,£,2
1926,1926,潇,1
1927,1927,湘,1
1928,1928,学,6
1929,1929,╯,2
1930,1930,□,1
1931,1931,︵,1
1932,1932,┻,2
1933,1933,━,1
1934,1934,胡,1
1935,1935,杰,1
1936,1936,贾,1
1937,1937,江,1
1938,1938,ë,2
1939,1939,Я,2
1940,1940,烽,1
1941,1941,火,1
1942,1942,戏,1
1943,1943,诸,1
1944,1944,侯,1
1945,1945,越,1
1946,1946,⎢,1
1947,1947,职,1
1948,1948,门,3
1949,1949,勤,1
1950,1950,睿,2
1951,1951,⊃,1
1952,1952,∧,1
1953,1953,∨,1
1954,1954,⋅,1
1955,1955,′,1
1956,1956,∀,1
1957,1957,∃,1
1958,1958,울,2
1959,1959,인,10
1960,1960,천,1
1961,1961,강,1
1962,1962,충,2
1963,1963,남,3
1964,1964,북,3
1965,1965,산,2
1966,1966,광,1
1967,1967,제,9
1968,1968,바,1
1969,1969,더,6
1970,1970,두,1
1971,1971,거,1
1972,1972,고,3
1973,1973,저,2
1974,1974,조,3
1975,1975,머,1
1976,1976,모,8
1977,1977,무,1
1978,1978,너,1
1979,1979,노,2
1980,1980,러,1
1981,1981,루,1
1982,1982,허,1
1983,1983,那,1
1984,1984,么,1
1985,1985,侧,6
1986,1986,它,3
1987,1987,辨,4
1988,1988,乘,5
1989,1989,底,1
1990,1990,轴,3
1991,1991,ه,19
1992,1992,ب,23
1993,1993,ف,22
1994,1994,ي,40
1995,1995,س,37
1996,1996,و,37
1997,1997,ر,55
1998,1998,ت,41
1999,1999,ث,7
2000,2000,ن,23
2001,2001,ع,15
2002,2002,ق,8
2003,2003,➖,405
2004,2004,د,29
2005,2005,م,44
2006,2006,ذ,5
2007,2007,ة,2
2008,2008,ط,10
2009,2009,ح,23
2010,2010,ئ,2
2011,2011,غ,6
2012,2012,ض,4
2013,2013,٤,1
2014,2014,ى,2
2015,2015,ء,2
2016,2016,ظ,1
2017,2017,ز,5
2018,2018,ج,3
2019,2019,遇,1
2020,2020,享,3
2021,2021,纹,5
2022,2022,极,1
2023,2023,抑,1
2024,2024,较,1
2025,2025,叠,1
2026,2026,ъ,3
2027,2027,💀,5
2028,2028,➡,4
2029,2029,️,10
2030,2030,‼,1
2031,2031,📡,1
2032,2032,💚,1
2033,2033,⚖,1
2034,2034,↩,2
2035,2035,🔐,1
2036,2036,⬇,2
2037,2037,🚨,2
2038,2038,👌,4
2039,2039,탈,1
2040,2040,퇴,1
2041,2041,М,2
2042,2042,镜,1
2043,2043,拓,1
2044,2044,傅,2
2045,2045,叶,2
2046,2046,般,1
2047,2047,谱,1
2048,2048,╠,44
2049,2049,♥,2
2050,2050,✿,6
2051,2051,香,1
2052,2052,製,2
2053,2053,誰,1
2054,2054,踢,1
2055,2055,見,2
2056,2056,✪,2
2057,2057,〘,1
2058,2058,〙,1
2059,2059,運,1
2060,2060,數,3
2061,2061,封,1
2062,2062,鎖,1
2063,2063,權,3
2064,2064,擁,1
2065,2065,簽,1
2066,2066,仿,3
2067,2067,單,7
2068,2068,來,1
2069,2069,偵,4
2070,2070,間,3
2071,2071,µ,2
2072,2072,̈,4
2073,2073,̊,3
2074,2074,枝,1
2075,2075,ą,5
2076,2076,ę,14
2077,2077,ś,5
2078,2078,ć,4
2079,2079,ł,5
2080,2080,ż,7
2081,2081,Î,2
2082,2082,Φ,2
2083,2083,ě,1
2084,2084,Č,2
2085,2085,💥,2
2086,2086,💔,1
2087,2087,속,9
2088,2088,최,5
2089,2089,숫,4
2090,2090,질,2
2091,2091,택,3
2092,2092,여,4
2093,2093,화,1
2094,2094,램,1
2095,2095,있,6
2096,2096,란,1
2097,2097,것,1
2098,2098,말,2
2099,2099,써,1
2100,2100,등,3
2101,2101,장,4
2102,2102,큰,1
2103,2103,며,1
2104,2104,없,2
2105,2105,따,2
2106,2106,건,1
2107,2107,되,2
2108,2108,Ø,12
2109,2109,👀,1
2110,2110,屏,3
2111,2111,岗,1
2112,2112,亭,1
2113,2113,厂,1
2114,2114,嵌,1
2115,2115,羽,1
2116,2116,赵,1
2117,2117,马,1
2118,2118,黄,1
2119,2119,忠,1
2120,2120,绩,2
2121,2121,ǎ,1
2122,2122,肖,1
2123,2123,ā,1
2124,2124,雄,1
2125,2125,ī,2
2126,2126,浒,1
2127,2127,ǐ,1
2128,2128,ǔ,1
2129,2129,父,1
2130,2130,▶,1
2131,2131,⇒,1
2132,2132,맨,2
2133,2133,르,2
2134,2134,치,3
2135,2135,골,1
2136,2136,드,5
2137,2137,빌,2
2138,2138,엘,1
2139,2139,펀,1
2140,2140,송,1
2141,2141,쿠,1
2142,2142,엔,2
2143,2143,살,1
2144,2144,까,1
2145,2145,난,1
2146,2146,쟁,1
2147,2147,곤,1
2148,2148,먼,1
2149,2149,칠,2
2150,2150,팬,1
2151,2151,젠,1
2152,2152,틀,1
2153,2153,킬,1
2154,2154,앤,1
2155,2155,딩,1
2156,2156,철,1
2157,2157,뱀,1
2158,2158,웹,1
2159,2159,절,3
2160,2160,앞,4
2161,2161,동,3
2162,2162,특,1
2163,2163,페,8
2164,2164,롤,1
2165,2165,링,2
2166,2166,져,3
2167,2167,넘,1
2168,2168,坚,2
2169,2169,演,3
2170,2170,🦔,3
2171,2171,항,6
2172,2172,쳐,4
2173,2173,침,1
2174,2174,ㄴ,1
2175,2175,냐,1
2176,2176,짱,1
2177,2177,찌,1
2178,2178,민,2
2179,2179,타,1
2180,2180,카,1
2181,2181,일,1
2182,2182,꽈,1
2183,2183,꽝,1
2184,2184,핫,1
2185,2185,꽌,1
2186,2186,꾸,3
2187,2187,옥,1
2188,2188,옌,3
2189,2189,뒤,1
2190,2190,응,1
2191,2191,올,1
2192,2192,ㄹ,2
2193,2193,명,1
2194,2194,별,1
2195,2195,단,1
2196,2196,규,1
2197,2197,칙,1
2198,2198,않,1
2199,2199,끌,1
2200,2200,롱,2
2201,2201,쁫,1
2202,2202,쁠,1
2203,2203,밀,1
2204,2204,园,1
2205,2205,府,2
2206,2206,県,2
2207,2207,轮,2
2208,2208,倚,1
2209,2209,善,1
2210,2210,ی,2
2211,2211,감,3
2212,2212,독,3
2213,2213,물,2
2214,2214,알,2
2215,2215,찾,2
2216,2216,언,3
2217,2217,디,4
2218,2218,뭐,3
2219,2219,키,1
2220,2220,네,1
2221,2221,테,3
2222,2222,✔,1
2223,2223,꺼,1
2224,2224,흑,1
2225,2225,켜,1
2226,2226,상,1
2227,2227,📝,1
2228,2228,형,4
2229,2229,박,2
2230,2230,공,2
2231,2231,군,1
2232,2232,승,1
2233,2233,럭,1
2234,2234,유,1
2235,2235,탱,1
2236,2236,댐,1
2237,2237,운,1
2238,2238,헬,1
2239,2239,패,1
2240,2240,✘,2
2241,2241,≥,1
2242,2242,ペ,1
2243,2243,毎,1
2244,2244,訓,1
2245,2245,練,1
2246,2246,習,1
2247,2247,約,3
2248,2248,挙,1
2249,2249,ぐ,1
2250,2250,ろ,1
2251,2251,違,1
2252,2252,念,2
2253,2253,漏,1
2254,2254,残,6
2255,2255,遡,1
2256,2256,階,1
2257,2257,売,3
2258,2258,買,3
2259,2259,貯,1
2260,2260,味,1
2261,2261,費,1
2262,2262,映,1
2263,2263,極,1
2264,2264,丸,1
2265,2265,❯,5
2266,2266,,3
2267,2267,简,1
2268,2268,●,2
2269,2269,殊,1
2270,2270,花,1
2271,2271,罗,1
2272,2272,浩,1
2273,2273,´,1
2274,2274,Ä,1
2275,2275,π,1
2276,2276,Ω,1
2277,2277,帧,2
2278,2278,刘,1
2279,2279,兵,1
2280,2280,曲,1
2281,2281,李,1
2282,2282,唱,2
2283,2283,王,2
2284,2284,菲,2
2285,2285,眼,4
2286,2286,忘,1
2287,2287,颜,1
2288,2288,梦,1
2289,2289,偶,1
2290,2290,见,1
2291,2291,孤,1
2292,2292,脑,1
2293,2293,田,1
2294,2294,宁,2
2295,2295,愿,2
2296,2296,世,2
2297,2297,故,1
2298,2298,旁,1
2299,2299,远,1
2300,2300,摄,2
2301,2301,稍,1
2302,2302,精,1
2303,2303,⊛,3
2304,2304,🐔,1
2305,2305,図,1
2306,2306,辺,1
2307,2307,環,1
2308,2308,⇦,1
2309,2309,⇨,1
2310,2310,⇧,1
2311,2311,⇩,1
2312,2312,⬅,1
2313,2313,⬆,1
2314,2314,☝,1
2315,2315,⟫,1
2316,2316,⟩,1
2317,2317,益,2
2318,2318,润,12
2319,2319,弃,5
2320,2320,休,2
2321,2321,眠,2
2322,2322,粘,1
2323,2323,贴,1
2324,2324,Ч,3
2325,2325,Ц,1
2326,2326,Б,2
2327,2327,Г,4
2328,2328,±,4
2329,2329,绝,1
2330,2330,七,1
2331,2331,牛,1
2332,2332,實,1
2333,2333,驗,1
2334,2334,國,1
2335,2335,北,1
2336,2336,學,1
2337,2337,∂,6
2338,2338,⁴,3
2339,2339,κ,6
2340,2340,̃,9
2341,2341,ₖ,14
2342,2342,ω,5
2343,2343,ℓ,2
2344,2344,港,2
2345,2345,卸,1
